game_id,prob
2022-1124-1246,0.685
2022-1124-1345,0.43
2022-1124-1417,0.485
2022-1124-1388,0.74
2022-1124-1400,0.815
2022-1124-1293,0.845
2022-1124-1314,0.745
2022-1124-1266,0.785
2022-1124-1362,0.81
2022-1124-1439,0.72
2022-1124-1461,0.76
2022-1124-1231,0.795
2022-1124-1103,0.925
2022-1124-1463,0.945
2022-1124-1389,0.885
2022-1124-1313,0.93
2022-1124-1242,0.635
2022-1124-1120,0.74
2022-1124-1458,0.725
2022-1124-1344,0.835
2022-1124-1234,0.655
2022-1124-1261,0.59
2022-1124-1425,0.645
2022-1124-1361,0.865
2022-1124-1166,0.93
2022-1124-1274,0.655
2022-1124-1235,0.92
2022-1124-1350,0.655
2022-1124-1355,0.88
2022-1124-1159,0.96
2022-1124-1240,0.95
2022-1124-1411,0.875
2022-1124-1394,0.87
2022-1124-1112,0.48
2022-1124-1437,0.6
2022-1124-1397,0.53
2022-1124-1228,0.8
2022-1124-1222,0.545
2022-1124-1161,0.675
2022-1124-1326,0.82
2022-1124-1371,0.785
2022-1124-1395,0.685
2022-1124-1260,0.805
2022-1124-1276,0.815
2022-1124-1412,0.745
2022-1124-1151,0.965
2022-1124-1255,0.91
2022-1124-1174,0.95
2022-1124-1460,0.95
2022-1124-1136,0.935
2022-1124-1211,0.445
2022-1124-1181,0.635
2022-1124-1403,0.625
2022-1124-1116,0.82
2022-1124-1163,0.46
2022-1124-1104,0.78
2022-1124-1277,0.855
2022-1124-1129,0.845
2022-1124-1272,0.755
2022-1124-1172,0.66
2022-1124-1353,0.865
2022-1124-1323,0.75
2022-1124-1308,0.785
2022-1124-1436,0.76
2022-1124-1286,0.935
2022-1124-1168,0.975
2022-1124-1209,0.9
2022-1246-1345,0.52
2022-1246-1417,0.525
2022-1246-1388,0.805
2022-1246-1400,0.745
2022-1246-1293,0.875
2022-1246-1314,0.86
2022-1246-1266,0.66
2022-1246-1362,0.785
2022-1246-1439,0.835
2022-1246-1461,0.8
2022-1246-1231,0.795
2022-1246-1103,0.975
2022-1246-1463,0.95
2022-1246-1389,0.9
2022-1246-1313,0.965
2022-1246-1242,0.515
2022-1246-1120,0.65
2022-1246-1458,0.715
2022-1246-1344,0.92
2022-1246-1234,0.7
2022-1246-1261,0.685
2022-1246-1425,0.83
2022-1246-1361,0.8
2022-1246-1166,0.94
2022-1246-1274,0.61
2022-1246-1235,0.835
2022-1246-1350,0.695
2022-1246-1355,0.775
2022-1246-1159,0.965
2022-1246-1240,0.97
2022-1246-1411,0.925
2022-1246-1394,0.91
2022-1246-1112,0.555
2022-1246-1437,0.67
2022-1246-1397,0.785
2022-1246-1228,0.79
2022-1246-1222,0.56
2022-1246-1161,0.625
2022-1246-1326,0.815
2022-1246-1371,0.84
2022-1246-1395,0.765
2022-1246-1260,0.735
2022-1246-1276,0.92
2022-1246-1412,0.86
2022-1246-1151,0.98
2022-1246-1255,0.98
2022-1246-1174,0.97
2022-1246-1460,0.98
2022-1246-1136,0.96
2022-1246-1211,0.41
2022-1246-1181,0.645
2022-1246-1403,0.785
2022-1246-1116,0.765
2022-1246-1163,0.62
2022-1246-1104,0.905
2022-1246-1277,0.9
2022-1246-1129,0.865
2022-1246-1272,0.875
2022-1246-1172,0.705
2022-1246-1353,0.885
2022-1246-1323,0.79
2022-1246-1308,0.92
2022-1246-1436,0.76
2022-1246-1286,0.975
2022-1246-1168,0.945
2022-1246-1209,0.935
2022-1345-1417,0.52
2022-1345-1388,0.815
2022-1345-1400,0.73
2022-1345-1293,0.69
2022-1345-1314,0.82
2022-1345-1266,0.655
2022-1345-1362,0.775
2022-1345-1439,0.705
2022-1345-1461,0.765
2022-1345-1231,0.725
2022-1345-1103,0.935
2022-1345-1463,0.95
2022-1345-1389,0.855
2022-1345-1313,0.93
2022-1345-1242,0.47
2022-1345-1120,0.485
2022-1345-1458,0.655
2022-1345-1344,0.865
2022-1345-1234,0.645
2022-1345-1261,0.61
2022-1345-1425,0.795
2022-1345-1361,0.785
2022-1345-1166,0.905
2022-1345-1274,0.585
2022-1345-1235,0.78
2022-1345-1350,0.62
2022-1345-1355,0.81
2022-1345-1159,0.965
2022-1345-1240,0.955
2022-1345-1411,0.895
2022-1345-1394,0.955
2022-1345-1112,0.255
2022-1345-1437,0.64
2022-1345-1397,0.505
2022-1345-1228,0.725
2022-1345-1222,0.285
2022-1345-1161,0.715
2022-1345-1326,0.7
2022-1345-1371,0.715
2022-1345-1395,0.875
2022-1345-1260,0.73
2022-1345-1276,0.895
2022-1345-1412,0.825
2022-1345-1151,0.86
2022-1345-1255,0.975
2022-1345-1174,0.965
2022-1345-1460,0.95
2022-1345-1136,0.935
2022-1345-1211,0.135
2022-1345-1181,0.615
2022-1345-1403,0.575
2022-1345-1116,0.675
2022-1345-1163,0.575
2022-1345-1104,0.785
2022-1345-1277,0.865
2022-1345-1129,0.915
2022-1345-1272,0.745
2022-1345-1172,0.68
2022-1345-1353,0.89
2022-1345-1323,0.73
2022-1345-1308,0.86
2022-1345-1436,0.67
2022-1345-1286,0.95
2022-1345-1168,0.975
2022-1345-1209,0.915
2022-1417-1388,0.9
2022-1417-1400,0.82
2022-1417-1293,0.87
2022-1417-1314,0.84
2022-1417-1266,0.805
2022-1417-1362,0.72
2022-1417-1439,0.89
2022-1417-1461,0.9
2022-1417-1231,0.85
2022-1417-1103,0.88
2022-1417-1463,0.93
2022-1417-1389,0.86
2022-1417-1313,0.855
2022-1417-1242,0.39
2022-1417-1120,0.6
2022-1417-1458,0.92
2022-1417-1344,0.78
2022-1417-1234,0.615
2022-1417-1261,0.505
2022-1417-1425,0.75
2022-1417-1361,0.84
2022-1417-1166,0.87
2022-1417-1274,0.94
2022-1417-1235,0.9
2022-1417-1350,0.97
2022-1417-1355,0.905
2022-1417-1159,0.925
2022-1417-1240,0.88
2022-1417-1411,0.795
2022-1417-1394,0.82
2022-1417-1112,0.38
2022-1417-1437,0.735
2022-1417-1397,0.495
2022-1417-1228,0.72
2022-1417-1222,0.32
2022-1417-1161,0.785
2022-1417-1326,0.855
2022-1417-1371,0.78
2022-1417-1395,0.715
2022-1417-1260,0.825
2022-1417-1276,0.8
2022-1417-1412,0.735
2022-1417-1151,0.88
2022-1417-1255,0.875
2022-1417-1174,0.935
2022-1417-1460,0.88
2022-1417-1136,0.89
2022-1417-1211,0.24
2022-1417-1181,0.42
2022-1417-1403,0.615
2022-1417-1116,0.81
2022-1417-1163,0.43
2022-1417-1104,0.795
2022-1417-1277,0.73
2022-1417-1129,0.855
2022-1417-1272,0.605
2022-1417-1172,0.795
2022-1417-1353,0.755
2022-1417-1323,0.83
2022-1417-1308,0.84
2022-1417-1436,0.97
2022-1417-1286,0.86
2022-1417-1168,0.94
2022-1417-1209,0.935
2022-1388-1400,0.53
2022-1388-1293,0.56
2022-1388-1314,0.545
2022-1388-1266,0.615
2022-1388-1362,0.51
2022-1388-1439,0.595
2022-1388-1461,0.585
2022-1388-1231,0.49
2022-1388-1103,0.76
2022-1388-1463,0.855
2022-1388-1389,0.83
2022-1388-1313,0.815
2022-1388-1242,0.24
2022-1388-1120,0.235
2022-1388-1458,0.49
2022-1388-1344,0.475
2022-1388-1234,0.25
2022-1388-1261,0.39
2022-1388-1425,0.51
2022-1388-1361,0.54
2022-1388-1166,0.58
2022-1388-1274,0.775
2022-1388-1235,0.63
2022-1388-1350,0.825
2022-1388-1355,0.83
2022-1388-1159,0.83
2022-1388-1240,0.78
2022-1388-1411,0.65
2022-1388-1394,0.75
2022-1388-1112,0.195
2022-1388-1437,0.325
2022-1388-1397,0.245
2022-1388-1228,0.38
2022-1388-1222,0.17
2022-1388-1161,0.64
2022-1388-1326,0.505
2022-1388-1371,0.49
2022-1388-1395,0.545
2022-1388-1260,0.685
2022-1388-1276,0.5
2022-1388-1412,0.625
2022-1388-1151,0.79
2022-1388-1255,0.78
2022-1388-1174,0.785
2022-1388-1460,0.8
2022-1388-1136,0.905
2022-1388-1211,0.065
2022-1388-1181,0.31
2022-1388-1403,0.31
2022-1388-1116,0.425
2022-1388-1163,0.475
2022-1388-1104,0.52
2022-1388-1277,0.41
2022-1388-1129,0.445
2022-1388-1272,0.525
2022-1388-1172,0.75
2022-1388-1353,0.685
2022-1388-1323,0.68
2022-1388-1308,0.685
2022-1388-1436,0.82
2022-1388-1286,0.845
2022-1388-1168,0.775
2022-1388-1209,0.825
2022-1400-1293,0.915
2022-1400-1314,0.7
2022-1400-1266,0.66
2022-1400-1362,0.685
2022-1400-1439,0.755
2022-1400-1461,0.865
2022-1400-1231,0.58
2022-1400-1103,0.895
2022-1400-1463,0.925
2022-1400-1389,0.845
2022-1400-1313,0.91
2022-1400-1242,0.21
2022-1400-1120,0.36
2022-1400-1458,0.67
2022-1400-1344,0.695
2022-1400-1234,0.365
2022-1400-1261,0.405
2022-1400-1425,0.595
2022-1400-1361,0.71
2022-1400-1166,0.85
2022-1400-1274,0.735
2022-1400-1235,0.85
2022-1400-1350,0.75
2022-1400-1355,0.88
2022-1400-1159,0.91
2022-1400-1240,0.905
2022-1400-1411,0.88
2022-1400-1394,0.905
2022-1400-1112,0.24
2022-1400-1437,0.44
2022-1400-1397,0.275
2022-1400-1228,0.615
2022-1400-1222,0.26
2022-1400-1161,0.705
2022-1400-1326,0.58
2022-1400-1371,0.57
2022-1400-1395,0.66
2022-1400-1260,0.7
2022-1400-1276,0.82
2022-1400-1412,0.745
2022-1400-1151,0.925
2022-1400-1255,0.92
2022-1400-1174,0.96
2022-1400-1460,0.94
2022-1400-1136,0.915
2022-1400-1211,0.13
2022-1400-1181,0.465
2022-1400-1403,0.395
2022-1400-1116,0.52
2022-1400-1163,0.565
2022-1400-1104,0.445
2022-1400-1277,0.645
2022-1400-1129,0.89
2022-1400-1272,0.445
2022-1400-1172,0.785
2022-1400-1353,0.68
2022-1400-1323,0.8
2022-1400-1308,0.775
2022-1400-1436,0.815
2022-1400-1286,0.91
2022-1400-1168,0.985
2022-1400-1209,0.825
2022-1293-1314,0.51
2022-1293-1266,0.55
2022-1293-1362,0.38
2022-1293-1439,0.445
2022-1293-1461,0.67
2022-1293-1231,0.605
2022-1293-1103,0.88
2022-1293-1463,0.89
2022-1293-1389,0.85
2022-1293-1313,0.885
2022-1293-1242,0.21
2022-1293-1120,0.27
2022-1293-1458,0.38
2022-1293-1344,0.46
2022-1293-1234,0.155
2022-1293-1261,0.27
2022-1293-1425,0.52
2022-1293-1361,0.57
2022-1293-1166,0.625
2022-1293-1274,0.59
2022-1293-1235,0.59
2022-1293-1350,0.525
2022-1293-1355,0.605
2022-1293-1159,0.86
2022-1293-1240,0.88
2022-1293-1411,0.76
2022-1293-1394,0.845
2022-1293-1112,0.105
2022-1293-1437,0.22
2022-1293-1397,0.12
2022-1293-1228,0.39
2022-1293-1222,0.125
2022-1293-1161,0.43
2022-1293-1326,0.54
2022-1293-1371,0.515
2022-1293-1395,0.46
2022-1293-1260,0.52
2022-1293-1276,0.425
2022-1293-1412,0.53
2022-1293-1151,0.85
2022-1293-1255,0.805
2022-1293-1174,0.91
2022-1293-1460,0.79
2022-1293-1136,0.915
2022-1293-1211,0.055
2022-1293-1181,0.155
2022-1293-1403,0.165
2022-1293-1116,0.35
2022-1293-1163,0.32
2022-1293-1104,0.44
2022-1293-1277,0.615
2022-1293-1129,0.52
2022-1293-1272,0.525
2022-1293-1172,0.505
2022-1293-1353,0.67
2022-1293-1323,0.55
2022-1293-1308,0.745
2022-1293-1436,0.57
2022-1293-1286,0.915
2022-1293-1168,0.85
2022-1293-1209,0.775
2022-1314-1266,0.73
2022-1314-1362,0.395
2022-1314-1439,0.55
2022-1314-1461,0.72
2022-1314-1231,0.59
2022-1314-1103,0.915
2022-1314-1463,0.93
2022-1314-1389,0.83
2022-1314-1313,0.935
2022-1314-1242,0.2
2022-1314-1120,0.165
2022-1314-1458,0.535
2022-1314-1344,0.685
2022-1314-1234,0.195
2022-1314-1261,0.4
2022-1314-1425,0.565
2022-1314-1361,0.52
2022-1314-1166,0.725
2022-1314-1274,0.765
2022-1314-1235,0.68
2022-1314-1350,0.765
2022-1314-1355,0.745
2022-1314-1159,0.91
2022-1314-1240,0.86
2022-1314-1411,0.905
2022-1314-1394,0.925
2022-1314-1112,0.115
2022-1314-1437,0.265
2022-1314-1397,0.17
2022-1314-1228,0.41
2022-1314-1222,0.29
2022-1314-1161,0.595
2022-1314-1326,0.565
2022-1314-1371,0.59
2022-1314-1395,0.42
2022-1314-1260,0.505
2022-1314-1276,0.6
2022-1314-1412,0.635
2022-1314-1151,0.785
2022-1314-1255,0.96
2022-1314-1174,0.935
2022-1314-1460,0.97
2022-1314-1136,0.945
2022-1314-1211,0.075
2022-1314-1181,0.235
2022-1314-1403,0.215
2022-1314-1116,0.26
2022-1314-1163,0.41
2022-1314-1104,0.505
2022-1314-1277,0.54
2022-1314-1129,0.645
2022-1314-1272,0.45
2022-1314-1172,0.595
2022-1314-1353,0.72
2022-1314-1323,0.645
2022-1314-1308,0.775
2022-1314-1436,0.78
2022-1314-1286,0.915
2022-1314-1168,0.97
2022-1314-1209,0.87
2022-1266-1362,0.59
2022-1266-1439,0.65
2022-1266-1461,0.705
2022-1266-1231,0.495
2022-1266-1103,0.9
2022-1266-1463,0.94
2022-1266-1389,0.755
2022-1266-1313,0.9
2022-1266-1242,0.25
2022-1266-1120,0.245
2022-1266-1458,0.535
2022-1266-1344,0.65
2022-1266-1234,0.265
2022-1266-1261,0.305
2022-1266-1425,0.595
2022-1266-1361,0.57
2022-1266-1166,0.695
2022-1266-1274,0.455
2022-1266-1235,0.625
2022-1266-1350,0.795
2022-1266-1355,0.705
2022-1266-1159,0.905
2022-1266-1240,0.885
2022-1266-1411,0.81
2022-1266-1394,0.895
2022-1266-1112,0.315
2022-1266-1437,0.285
2022-1266-1397,0.195
2022-1266-1228,0.5
2022-1266-1222,0.265
2022-1266-1161,0.67
2022-1266-1326,0.535
2022-1266-1371,0.475
2022-1266-1395,0.595
2022-1266-1260,0.68
2022-1266-1276,0.615
2022-1266-1412,0.705
2022-1266-1151,0.77
2022-1266-1255,0.855
2022-1266-1174,0.96
2022-1266-1460,0.905
2022-1266-1136,0.9
2022-1266-1211,0.16
2022-1266-1181,0.255
2022-1266-1403,0.425
2022-1266-1116,0.49
2022-1266-1163,0.36
2022-1266-1104,0.53
2022-1266-1277,0.48
2022-1266-1129,0.805
2022-1266-1272,0.43
2022-1266-1172,0.66
2022-1266-1353,0.68
2022-1266-1323,0.73
2022-1266-1308,0.675
2022-1266-1436,0.705
2022-1266-1286,0.955
2022-1266-1168,0.865
2022-1266-1209,0.78
2022-1362-1439,0.55
2022-1362-1461,0.865
2022-1362-1231,0.545
2022-1362-1103,0.92
2022-1362-1463,0.96
2022-1362-1389,0.885
2022-1362-1313,0.945
2022-1362-1242,0.29
2022-1362-1120,0.32
2022-1362-1458,0.61
2022-1362-1344,0.62
2022-1362-1234,0.405
2022-1362-1261,0.405
2022-1362-1425,0.455
2022-1362-1361,0.545
2022-1362-1166,0.725
2022-1362-1274,0.78
2022-1362-1235,0.765
2022-1362-1350,0.78
2022-1362-1355,0.85
2022-1362-1159,0.94
2022-1362-1240,0.945
2022-1362-1411,0.895
2022-1362-1394,0.945
2022-1362-1112,0.12
2022-1362-1437,0.365
2022-1362-1397,0.255
2022-1362-1228,0.455
2022-1362-1222,0.225
2022-1362-1161,0.595
2022-1362-1326,0.63
2022-1362-1371,0.57
2022-1362-1395,0.53
2022-1362-1260,0.59
2022-1362-1276,0.51
2022-1362-1412,0.59
2022-1362-1151,0.955
2022-1362-1255,0.96
2022-1362-1174,0.935
2022-1362-1460,0.985
2022-1362-1136,0.93
2022-1362-1211,0.105
2022-1362-1181,0.39
2022-1362-1403,0.47
2022-1362-1116,0.435
2022-1362-1163,0.46
2022-1362-1104,0.41
2022-1362-1277,0.51
2022-1362-1129,0.635
2022-1362-1272,0.525
2022-1362-1172,0.72
2022-1362-1353,0.74
2022-1362-1323,0.74
2022-1362-1308,0.85
2022-1362-1436,0.785
2022-1362-1286,0.9
2022-1362-1168,0.905
2022-1362-1209,0.845
2022-1439-1461,0.88
2022-1439-1231,0.51
2022-1439-1103,0.875
2022-1439-1463,0.9
2022-1439-1389,0.765
2022-1439-1313,0.93
2022-1439-1242,0.2
2022-1439-1120,0.205
2022-1439-1458,0.53
2022-1439-1344,0.475
2022-1439-1234,0.315
2022-1439-1261,0.3
2022-1439-1425,0.445
2022-1439-1361,0.47
2022-1439-1166,0.665
2022-1439-1274,0.645
2022-1439-1235,0.625
2022-1439-1350,0.865
2022-1439-1355,0.87
2022-1439-1159,0.855
2022-1439-1240,0.88
2022-1439-1411,0.79
2022-1439-1394,0.84
2022-1439-1112,0.235
2022-1439-1437,0.275
2022-1439-1397,0.225
2022-1439-1228,0.465
2022-1439-1222,0.145
2022-1439-1161,0.595
2022-1439-1326,0.335
2022-1439-1371,0.425
2022-1439-1395,0.505
2022-1439-1260,0.615
2022-1439-1276,0.61
2022-1439-1412,0.56
2022-1439-1151,0.93
2022-1439-1255,0.89
2022-1439-1174,0.94
2022-1439-1460,0.9
2022-1439-1136,0.9
2022-1439-1211,0.025
2022-1439-1181,0.38
2022-1439-1403,0.23
2022-1439-1116,0.365
2022-1439-1163,0.395
2022-1439-1104,0.42
2022-1439-1277,0.405
2022-1439-1129,0.56
2022-1439-1272,0.515
2022-1439-1172,0.72
2022-1439-1353,0.685
2022-1439-1323,0.76
2022-1439-1308,0.71
2022-1439-1436,0.865
2022-1439-1286,0.865
2022-1439-1168,0.88
2022-1439-1209,0.82
2022-1461-1231,0.375
2022-1461-1103,0.64
2022-1461-1463,0.835
2022-1461-1389,0.69
2022-1461-1313,0.785
2022-1461-1242,0.2
2022-1461-1120,0.295
2022-1461-1458,0.315
2022-1461-1344,0.49
2022-1461-1234,0.18
2022-1461-1261,0.165
2022-1461-1425,0.435
2022-1461-1361,0.42
2022-1461-1166,0.5
2022-1461-1274,0.695
2022-1461-1235,0.515
2022-1461-1350,0.61
2022-1461-1355,0.545
2022-1461-1159,0.775
2022-1461-1240,0.695
2022-1461-1411,0.72
2022-1461-1394,0.8
2022-1461-1112,0.18
2022-1461-1437,0.11
2022-1461-1397,0.34
2022-1461-1228,0.29
2022-1461-1222,0.18
2022-1461-1161,0.59
2022-1461-1326,0.37
2022-1461-1371,0.375
2022-1461-1395,0.375
2022-1461-1260,0.32
2022-1461-1276,0.34
2022-1461-1412,0.43
2022-1461-1151,0.62
2022-1461-1255,0.65
2022-1461-1174,0.795
2022-1461-1460,0.865
2022-1461-1136,0.82
2022-1461-1211,0.07
2022-1461-1181,0.27
2022-1461-1403,0.31
2022-1461-1116,0.345
2022-1461-1163,0.28
2022-1461-1104,0.325
2022-1461-1277,0.37
2022-1461-1129,0.53
2022-1461-1272,0.34
2022-1461-1172,0.48
2022-1461-1353,0.605
2022-1461-1323,0.32
2022-1461-1308,0.57
2022-1461-1436,0.475
2022-1461-1286,0.795
2022-1461-1168,0.81
2022-1461-1209,0.795
2022-1231-1103,0.97
2022-1231-1463,0.94
2022-1231-1389,0.865
2022-1231-1313,0.93
2022-1231-1242,0.24
2022-1231-1120,0.205
2022-1231-1458,0.575
2022-1231-1344,0.75
2022-1231-1234,0.25
2022-1231-1261,0.375
2022-1231-1425,0.66
2022-1231-1361,0.47
2022-1231-1166,0.715
2022-1231-1274,0.755
2022-1231-1235,0.75
2022-1231-1350,0.82
2022-1231-1355,0.805
2022-1231-1159,0.89
2022-1231-1240,0.965
2022-1231-1411,0.925
2022-1231-1394,0.955
2022-1231-1112,0.245
2022-1231-1437,0.335
2022-1231-1397,0.185
2022-1231-1228,0.55
2022-1231-1222,0.165
2022-1231-1161,0.685
2022-1231-1326,0.49
2022-1231-1371,0.575
2022-1231-1395,0.725
2022-1231-1260,0.67
2022-1231-1276,0.72
2022-1231-1412,0.69
2022-1231-1151,0.85
2022-1231-1255,0.895
2022-1231-1174,0.97
2022-1231-1460,0.97
2022-1231-1136,0.96
2022-1231-1211,0.085
2022-1231-1181,0.26
2022-1231-1403,0.26
2022-1231-1116,0.38
2022-1231-1163,0.37
2022-1231-1104,0.57
2022-1231-1277,0.61
2022-1231-1129,0.72
2022-1231-1272,0.445
2022-1231-1172,0.71
2022-1231-1353,0.815
2022-1231-1323,0.74
2022-1231-1308,0.845
2022-1231-1436,0.745
2022-1231-1286,0.92
2022-1231-1168,0.955
2022-1231-1209,0.905
2022-1103-1463,0.705
2022-1103-1389,0.5
2022-1103-1313,0.775
2022-1103-1242,0.05
2022-1103-1120,0.055
2022-1103-1458,0.095
2022-1103-1344,0.18
2022-1103-1234,0.02
2022-1103-1261,0.125
2022-1103-1425,0.125
2022-1103-1361,0.08
2022-1103-1166,0.135
2022-1103-1274,0.215
2022-1103-1235,0.33
2022-1103-1350,0.315
2022-1103-1355,0.28
2022-1103-1159,0.58
2022-1103-1240,0.645
2022-1103-1411,0.535
2022-1103-1394,0.905
2022-1103-1112,0.03
2022-1103-1437,0.025
2022-1103-1397,0.055
2022-1103-1228,0.03
2022-1103-1222,0.04
2022-1103-1161,0.14
2022-1103-1326,0.07
2022-1103-1371,0.08
2022-1103-1395,0.135
2022-1103-1260,0.12
2022-1103-1276,0.095
2022-1103-1412,0.045
2022-1103-1151,0.295
2022-1103-1255,0.76
2022-1103-1174,0.69
2022-1103-1460,0.86
2022-1103-1136,0.825
2022-1103-1211,0.05
2022-1103-1181,0.005
2022-1103-1403,0.065
2022-1103-1116,0.065
2022-1103-1163,0.035
2022-1103-1104,0.09
2022-1103-1277,0.135
2022-1103-1129,0.19
2022-1103-1272,0.14
2022-1103-1172,0.175
2022-1103-1353,0.125
2022-1103-1323,0.195
2022-1103-1308,0.16
2022-1103-1436,0.21
2022-1103-1286,0.605
2022-1103-1168,0.67
2022-1103-1209,0.6
2022-1463-1389,0.45
2022-1463-1313,0.685
2022-1463-1242,0.03
2022-1463-1120,0.035
2022-1463-1458,0.07
2022-1463-1344,0.1
2022-1463-1234,0.055
2022-1463-1261,0.085
2022-1463-1425,0.17
2022-1463-1361,0.045
2022-1463-1166,0.165
2022-1463-1274,0.2
2022-1463-1235,0.125
2022-1463-1350,0.31
2022-1463-1355,0.31
2022-1463-1159,0.48
2022-1463-1240,0.475
2022-1463-1411,0.535
2022-1463-1394,0.775
2022-1463-1112,0.065
2022-1463-1437,0.025
2022-1463-1397,0.02
2022-1463-1228,0.035
2022-1463-1222,0.07
2022-1463-1161,0.12
2022-1463-1326,0.04
2022-1463-1371,0.095
2022-1463-1395,0.24
2022-1463-1260,0.065
2022-1463-1276,0.06
2022-1463-1412,0.14
2022-1463-1151,0.325
2022-1463-1255,0.705
2022-1463-1174,0.52
2022-1463-1460,0.675
2022-1463-1136,0.605
2022-1463-1211,0.02
2022-1463-1181,0.025
2022-1463-1403,0.14
2022-1463-1116,0.04
2022-1463-1163,0.06
2022-1463-1104,0.115
2022-1463-1277,0.125
2022-1463-1129,0.075
2022-1463-1272,0.185
2022-1463-1172,0.13
2022-1463-1353,0.095
2022-1463-1323,0.145
2022-1463-1308,0.345
2022-1463-1436,0.31
2022-1463-1286,0.565
2022-1463-1168,0.57
2022-1463-1209,0.595
2022-1389-1313,0.805
2022-1389-1242,0.07
2022-1389-1120,0.015
2022-1389-1458,0.25
2022-1389-1344,0.145
2022-1389-1234,0.045
2022-1389-1261,0.09
2022-1389-1425,0.185
2022-1389-1361,0.035
2022-1389-1166,0.21
2022-1389-1274,0.295
2022-1389-1235,0.265
2022-1389-1350,0.435
2022-1389-1355,0.39
2022-1389-1159,0.53
2022-1389-1240,0.6
2022-1389-1411,0.805
2022-1389-1394,0.755
2022-1389-1112,0.02
2022-1389-1437,0.05
2022-1389-1397,0.01
2022-1389-1228,0.085
2022-1389-1222,0.025
2022-1389-1161,0.26
2022-1389-1326,0.135
2022-1389-1371,0.235
2022-1389-1395,0.26
2022-1389-1260,0.11
2022-1389-1276,0.185
2022-1389-1412,0.145
2022-1389-1151,0.365
2022-1389-1255,0.695
2022-1389-1174,0.655
2022-1389-1460,0.69
2022-1389-1136,0.79
2022-1389-1211,0.02
2022-1389-1181,0.02
2022-1389-1403,0.03
2022-1389-1116,0.04
2022-1389-1163,0.065
2022-1389-1104,0.135
2022-1389-1277,0.165
2022-1389-1129,0.13
2022-1389-1272,0.14
2022-1389-1172,0.32
2022-1389-1353,0.385
2022-1389-1323,0.405
2022-1389-1308,0.34
2022-1389-1436,0.35
2022-1389-1286,0.525
2022-1389-1168,0.595
2022-1389-1209,0.585
2022-1313-1242,0.01
2022-1313-1120,0.03
2022-1313-1458,0.095
2022-1313-1344,0.045
2022-1313-1234,0.02
2022-1313-1261,0.055
2022-1313-1425,0.06
2022-1313-1361,0.04
2022-1313-1166,0.085
2022-1313-1274,0.125
2022-1313-1235,0.105
2022-1313-1350,0.275
2022-1313-1355,0.27
2022-1313-1159,0.48
2022-1313-1240,0.45
2022-1313-1411,0.495
2022-1313-1394,0.655
2022-1313-1112,0.01
2022-1313-1437,0.03
2022-1313-1397,0.015
2022-1313-1228,0.04
2022-1313-1222,0.015
2022-1313-1161,0.06
2022-1313-1326,0.035
2022-1313-1371,0.025
2022-1313-1395,0.105
2022-1313-1260,0.035
2022-1313-1276,0.035
2022-1313-1412,0.07
2022-1313-1151,0.16
2022-1313-1255,0.35
2022-1313-1174,0.52
2022-1313-1460,0.465
2022-1313-1136,0.62
2022-1313-1211,0.02
2022-1313-1181,0.01
2022-1313-1403,0.04
2022-1313-1116,0.03
2022-1313-1163,0.02
2022-1313-1104,0.085
2022-1313-1277,0.08
2022-1313-1129,0.02
2022-1313-1272,0.07
2022-1313-1172,0.065
2022-1313-1353,0.135
2022-1313-1323,0.13
2022-1313-1308,0.085
2022-1313-1436,0.25
2022-1313-1286,0.425
2022-1313-1168,0.52
2022-1313-1209,0.54
2022-1242-1120,0.635
2022-1242-1458,0.8
2022-1242-1344,0.71
2022-1242-1234,0.56
2022-1242-1261,0.64
2022-1242-1425,0.67
2022-1242-1361,0.865
2022-1242-1166,0.885
2022-1242-1274,0.845
2022-1242-1235,0.915
2022-1242-1350,0.845
2022-1242-1355,0.9
2022-1242-1159,0.94
2022-1242-1240,0.935
2022-1242-1411,0.89
2022-1242-1394,0.93
2022-1242-1112,0.365
2022-1242-1437,0.65
2022-1242-1397,0.505
2022-1242-1228,0.85
2022-1242-1222,0.52
2022-1242-1161,0.675
2022-1242-1326,0.805
2022-1242-1371,0.725
2022-1242-1395,0.795
2022-1242-1260,0.815
2022-1242-1276,0.865
2022-1242-1412,0.815
2022-1242-1151,0.925
2022-1242-1255,0.955
2022-1242-1174,0.945
2022-1242-1460,0.965
2022-1242-1136,0.94
2022-1242-1211,0.35
2022-1242-1181,0.66
2022-1242-1403,0.635
2022-1242-1116,0.725
2022-1242-1163,0.56
2022-1242-1104,0.795
2022-1242-1277,0.705
2022-1242-1129,0.895
2022-1242-1272,0.725
2022-1242-1172,0.75
2022-1242-1353,0.855
2022-1242-1323,0.695
2022-1242-1308,0.88
2022-1242-1436,0.895
2022-1242-1286,0.95
2022-1242-1168,0.975
2022-1242-1209,0.915
2022-1120-1458,0.82
2022-1120-1344,0.76
2022-1120-1234,0.58
2022-1120-1261,0.675
2022-1120-1425,0.755
2022-1120-1361,0.86
2022-1120-1166,0.78
2022-1120-1274,0.79
2022-1120-1235,0.785
2022-1120-1350,0.83
2022-1120-1355,0.82
2022-1120-1159,0.94
2022-1120-1240,0.95
2022-1120-1411,0.93
2022-1120-1394,0.88
2022-1120-1112,0.585
2022-1120-1437,0.65
2022-1120-1397,0.72
2022-1120-1228,0.685
2022-1120-1222,0.63
2022-1120-1161,0.765
2022-1120-1326,0.765
2022-1120-1371,0.795
2022-1120-1395,0.72
2022-1120-1260,0.745
2022-1120-1276,0.63
2022-1120-1412,0.83
2022-1120-1151,0.81
2022-1120-1255,0.935
2022-1120-1174,0.97
2022-1120-1460,0.955
2022-1120-1136,0.98
2022-1120-1211,0.44
2022-1120-1181,0.735
2022-1120-1403,0.695
2022-1120-1116,0.715
2022-1120-1163,0.67
2022-1120-1104,0.61
2022-1120-1277,0.785
2022-1120-1129,0.73
2022-1120-1272,0.84
2022-1120-1172,0.78
2022-1120-1353,0.94
2022-1120-1323,0.775
2022-1120-1308,0.92
2022-1120-1436,0.785
2022-1120-1286,0.97
2022-1120-1168,0.96
2022-1120-1209,0.985
2022-1458-1344,0.585
2022-1458-1234,0.255
2022-1458-1261,0.225
2022-1458-1425,0.495
2022-1458-1361,0.505
2022-1458-1166,0.635
2022-1458-1274,0.705
2022-1458-1235,0.725
2022-1458-1350,0.855
2022-1458-1355,0.88
2022-1458-1159,0.87
2022-1458-1240,0.87
2022-1458-1411,0.74
2022-1458-1394,0.92
2022-1458-1112,0.295
2022-1458-1437,0.23
2022-1458-1397,0.2
2022-1458-1228,0.49
2022-1458-1222,0.17
2022-1458-1161,0.625
2022-1458-1326,0.42
2022-1458-1371,0.445
2022-1458-1395,0.515
2022-1458-1260,0.545
2022-1458-1276,0.585
2022-1458-1412,0.495
2022-1458-1151,0.83
2022-1458-1255,0.885
2022-1458-1174,0.895
2022-1458-1460,0.96
2022-1458-1136,0.9
2022-1458-1211,0.135
2022-1458-1181,0.295
2022-1458-1403,0.21
2022-1458-1116,0.42
2022-1458-1163,0.39
2022-1458-1104,0.415
2022-1458-1277,0.44
2022-1458-1129,0.545
2022-1458-1272,0.41
2022-1458-1172,0.695
2022-1458-1353,0.74
2022-1458-1323,0.82
2022-1458-1308,0.73
2022-1458-1436,0.875
2022-1458-1286,0.84
2022-1458-1168,0.95
2022-1458-1209,0.76
2022-1344-1234,0.195
2022-1344-1261,0.26
2022-1344-1425,0.395
2022-1344-1361,0.465
2022-1344-1166,0.735
2022-1344-1274,0.58
2022-1344-1235,0.635
2022-1344-1350,0.775
2022-1344-1355,0.76
2022-1344-1159,0.825
2022-1344-1240,0.84
2022-1344-1411,0.82
2022-1344-1394,0.94
2022-1344-1112,0.115
2022-1344-1437,0.18
2022-1344-1397,0.15
2022-1344-1228,0.42
2022-1344-1222,0.17
2022-1344-1161,0.63
2022-1344-1326,0.485
2022-1344-1371,0.37
2022-1344-1395,0.38
2022-1344-1260,0.535
2022-1344-1276,0.535
2022-1344-1412,0.57
2022-1344-1151,0.925
2022-1344-1255,0.955
2022-1344-1174,0.935
2022-1344-1460,0.94
2022-1344-1136,0.95
2022-1344-1211,0.05
2022-1344-1181,0.18
2022-1344-1403,0.225
2022-1344-1116,0.245
2022-1344-1163,0.295
2022-1344-1104,0.435
2022-1344-1277,0.3
2022-1344-1129,0.505
2022-1344-1272,0.4
2022-1344-1172,0.56
2022-1344-1353,0.665
2022-1344-1323,0.615
2022-1344-1308,0.75
2022-1344-1436,0.7
2022-1344-1286,0.925
2022-1344-1168,0.885
2022-1344-1209,0.78
2022-1234-1261,0.58
2022-1234-1425,0.87
2022-1234-1361,0.81
2022-1234-1166,0.84
2022-1234-1274,0.905
2022-1234-1235,0.85
2022-1234-1350,0.945
2022-1234-1355,0.935
2022-1234-1159,0.9
2022-1234-1240,0.935
2022-1234-1411,0.89
2022-1234-1394,0.84
2022-1234-1112,0.39
2022-1234-1437,0.585
2022-1234-1397,0.39
2022-1234-1228,0.72
2022-1234-1222,0.325
2022-1234-1161,0.765
2022-1234-1326,0.835
2022-1234-1371,0.69
2022-1234-1395,0.825
2022-1234-1260,0.785
2022-1234-1276,0.935
2022-1234-1412,0.895
2022-1234-1151,0.94
2022-1234-1255,0.93
2022-1234-1174,0.97
2022-1234-1460,0.9
2022-1234-1136,0.93
2022-1234-1211,0.335
2022-1234-1181,0.49
2022-1234-1403,0.61
2022-1234-1116,0.805
2022-1234-1163,0.51
2022-1234-1104,0.76
2022-1234-1277,0.805
2022-1234-1129,0.885
2022-1234-1272,0.685
2022-1234-1172,0.805
2022-1234-1353,0.755
2022-1234-1323,0.785
2022-1234-1308,0.88
2022-1234-1436,0.945
2022-1234-1286,0.93
2022-1234-1168,0.96
2022-1234-1209,0.92
2022-1261-1425,0.705
2022-1261-1361,0.61
2022-1261-1166,0.89
2022-1261-1274,0.715
2022-1261-1235,0.87
2022-1261-1350,0.75
2022-1261-1355,0.775
2022-1261-1159,0.93
2022-1261-1240,0.955
2022-1261-1411,0.95
2022-1261-1394,0.955
2022-1261-1112,0.495
2022-1261-1437,0.61
2022-1261-1397,0.465
2022-1261-1228,0.645
2022-1261-1222,0.425
2022-1261-1161,0.665
2022-1261-1326,0.58
2022-1261-1371,0.685
2022-1261-1395,0.84
2022-1261-1260,0.625
2022-1261-1276,0.585
2022-1261-1412,0.735
2022-1261-1151,0.86
2022-1261-1255,0.925
2022-1261-1174,0.94
2022-1261-1460,0.95
2022-1261-1136,0.94
2022-1261-1211,0.315
2022-1261-1181,0.565
2022-1261-1403,0.545
2022-1261-1116,0.45
2022-1261-1163,0.545
2022-1261-1104,0.61
2022-1261-1277,0.725
2022-1261-1129,0.755
2022-1261-1272,0.625
2022-1261-1172,0.665
2022-1261-1353,0.79
2022-1261-1323,0.74
2022-1261-1308,0.875
2022-1261-1436,0.76
2022-1261-1286,0.92
2022-1261-1168,0.875
2022-1261-1209,0.835
2022-1425-1361,0.555
2022-1425-1166,0.635
2022-1425-1274,0.61
2022-1425-1235,0.635
2022-1425-1350,0.695
2022-1425-1355,0.765
2022-1425-1159,0.94
2022-1425-1240,0.92
2022-1425-1411,0.885
2022-1425-1394,0.955
2022-1425-1112,0.13
2022-1425-1437,0.225
2022-1425-1397,0.18
2022-1425-1228,0.38
2022-1425-1222,0.2
2022-1425-1161,0.48
2022-1425-1326,0.555
2022-1425-1371,0.55
2022-1425-1395,0.585
2022-1425-1260,0.6
2022-1425-1276,0.52
2022-1425-1412,0.72
2022-1425-1151,0.845
2022-1425-1255,0.945
2022-1425-1174,0.955
2022-1425-1460,0.98
2022-1425-1136,0.92
2022-1425-1211,0.105
2022-1425-1181,0.145
2022-1425-1403,0.225
2022-1425-1116,0.31
2022-1425-1163,0.42
2022-1425-1104,0.305
2022-1425-1277,0.585
2022-1425-1129,0.59
2022-1425-1272,0.36
2022-1425-1172,0.635
2022-1425-1353,0.665
2022-1425-1323,0.625
2022-1425-1308,0.82
2022-1425-1436,0.68
2022-1425-1286,0.935
2022-1425-1168,0.965
2022-1425-1209,0.86
2022-1361-1166,0.695
2022-1361-1274,0.775
2022-1361-1235,0.75
2022-1361-1350,0.81
2022-1361-1355,0.72
2022-1361-1159,0.93
2022-1361-1240,0.95
2022-1361-1411,0.9
2022-1361-1394,0.9
2022-1361-1112,0.13
2022-1361-1437,0.355
2022-1361-1397,0.32
2022-1361-1228,0.62
2022-1361-1222,0.145
2022-1361-1161,0.655
2022-1361-1326,0.395
2022-1361-1371,0.51
2022-1361-1395,0.655
2022-1361-1260,0.63
2022-1361-1276,0.64
2022-1361-1412,0.62
2022-1361-1151,0.81
2022-1361-1255,0.9
2022-1361-1174,0.965
2022-1361-1460,0.945
2022-1361-1136,0.96
2022-1361-1211,0.08
2022-1361-1181,0.425
2022-1361-1403,0.465
2022-1361-1116,0.47
2022-1361-1163,0.405
2022-1361-1104,0.42
2022-1361-1277,0.6
2022-1361-1129,0.62
2022-1361-1272,0.41
2022-1361-1172,0.615
2022-1361-1353,0.64
2022-1361-1323,0.785
2022-1361-1308,0.825
2022-1361-1436,0.755
2022-1361-1286,0.93
2022-1361-1168,0.935
2022-1361-1209,0.845
2022-1166-1274,0.475
2022-1166-1235,0.525
2022-1166-1350,0.685
2022-1166-1355,0.655
2022-1166-1159,0.82
2022-1166-1240,0.87
2022-1166-1411,0.81
2022-1166-1394,0.945
2022-1166-1112,0.105
2022-1166-1437,0.17
2022-1166-1397,0.11
2022-1166-1228,0.42
2022-1166-1222,0.135
2022-1166-1161,0.53
2022-1166-1326,0.325
2022-1166-1371,0.44
2022-1166-1395,0.415
2022-1166-1260,0.455
2022-1166-1276,0.445
2022-1166-1412,0.47
2022-1166-1151,0.83
2022-1166-1255,0.895
2022-1166-1174,0.835
2022-1166-1460,0.9
2022-1166-1136,0.875
2022-1166-1211,0.085
2022-1166-1181,0.14
2022-1166-1403,0.135
2022-1166-1116,0.305
2022-1166-1163,0.335
2022-1166-1104,0.4
2022-1166-1277,0.36
2022-1166-1129,0.515
2022-1166-1272,0.48
2022-1166-1172,0.555
2022-1166-1353,0.62
2022-1166-1323,0.605
2022-1166-1308,0.69
2022-1166-1436,0.57
2022-1166-1286,0.87
2022-1166-1168,0.835
2022-1166-1209,0.8
2022-1274-1235,0.395
2022-1274-1350,0.815
2022-1274-1355,0.725
2022-1274-1159,0.83
2022-1274-1240,0.825
2022-1274-1411,0.695
2022-1274-1394,0.8
2022-1274-1112,0.255
2022-1274-1437,0.25
2022-1274-1397,0.12
2022-1274-1228,0.39
2022-1274-1222,0.185
2022-1274-1161,0.44
2022-1274-1326,0.375
2022-1274-1371,0.42
2022-1274-1395,0.405
2022-1274-1260,0.465
2022-1274-1276,0.55
2022-1274-1412,0.515
2022-1274-1151,0.725
2022-1274-1255,0.815
2022-1274-1174,0.89
2022-1274-1460,0.8
2022-1274-1136,0.76
2022-1274-1211,0.175
2022-1274-1181,0.215
2022-1274-1403,0.295
2022-1274-1116,0.235
2022-1274-1163,0.46
2022-1274-1104,0.405
2022-1274-1277,0.38
2022-1274-1129,0.47
2022-1274-1272,0.42
2022-1274-1172,0.63
2022-1274-1353,0.545
2022-1274-1323,0.605
2022-1274-1308,0.59
2022-1274-1436,0.68
2022-1274-1286,0.775
2022-1274-1168,0.895
2022-1274-1209,0.595
2022-1235-1350,0.685
2022-1235-1355,0.58
2022-1235-1159,0.8
2022-1235-1240,0.79
2022-1235-1411,0.775
2022-1235-1394,0.93
2022-1235-1112,0.16
2022-1235-1437,0.215
2022-1235-1397,0.14
2022-1235-1228,0.495
2022-1235-1222,0.205
2022-1235-1161,0.57
2022-1235-1326,0.485
2022-1235-1371,0.505
2022-1235-1395,0.43
2022-1235-1260,0.535
2022-1235-1276,0.545
2022-1235-1412,0.615
2022-1235-1151,0.835
2022-1235-1255,0.88
2022-1235-1174,0.775
2022-1235-1460,0.9
2022-1235-1136,0.87
2022-1235-1211,0.145
2022-1235-1181,0.2
2022-1235-1403,0.285
2022-1235-1116,0.44
2022-1235-1163,0.43
2022-1235-1104,0.405
2022-1235-1277,0.525
2022-1235-1129,0.585
2022-1235-1272,0.465
2022-1235-1172,0.495
2022-1235-1353,0.5
2022-1235-1323,0.525
2022-1235-1308,0.675
2022-1235-1436,0.635
2022-1235-1286,0.785
2022-1235-1168,0.805
2022-1235-1209,0.71
2022-1350-1355,0.69
2022-1350-1159,0.725
2022-1350-1240,0.78
2022-1350-1411,0.71
2022-1350-1394,0.765
2022-1350-1112,0.135
2022-1350-1437,0.215
2022-1350-1397,0.185
2022-1350-1228,0.315
2022-1350-1222,0.14
2022-1350-1161,0.28
2022-1350-1326,0.305
2022-1350-1371,0.335
2022-1350-1395,0.43
2022-1350-1260,0.29
2022-1350-1276,0.325
2022-1350-1412,0.425
2022-1350-1151,0.645
2022-1350-1255,0.72
2022-1350-1174,0.71
2022-1350-1460,0.72
2022-1350-1136,0.675
2022-1350-1211,0.12
2022-1350-1181,0.155
2022-1350-1403,0.155
2022-1350-1116,0.17
2022-1350-1163,0.47
2022-1350-1104,0.315
2022-1350-1277,0.27
2022-1350-1129,0.26
2022-1350-1272,0.38
2022-1350-1172,0.365
2022-1350-1353,0.445
2022-1350-1323,0.34
2022-1350-1308,0.565
2022-1350-1436,0.6
2022-1350-1286,0.755
2022-1350-1168,0.85
2022-1350-1209,0.585
2022-1355-1159,0.835
2022-1355-1240,0.72
2022-1355-1411,0.68
2022-1355-1394,0.785
2022-1355-1112,0.11
2022-1355-1437,0.18
2022-1355-1397,0.125
2022-1355-1228,0.125
2022-1355-1222,0.15
2022-1355-1161,0.195
2022-1355-1326,0.29
2022-1355-1371,0.3
2022-1355-1395,0.36
2022-1355-1260,0.245
2022-1355-1276,0.33
2022-1355-1412,0.49
2022-1355-1151,0.535
2022-1355-1255,0.71
2022-1355-1174,0.855
2022-1355-1460,0.8
2022-1355-1136,0.78
2022-1355-1211,0.045
2022-1355-1181,0.095
2022-1355-1403,0.14
2022-1355-1116,0.115
2022-1355-1163,0.395
2022-1355-1104,0.25
2022-1355-1277,0.245
2022-1355-1129,0.255
2022-1355-1272,0.31
2022-1355-1172,0.3
2022-1355-1353,0.475
2022-1355-1323,0.355
2022-1355-1308,0.545
2022-1355-1436,0.49
2022-1355-1286,0.745
2022-1355-1168,0.83
2022-1355-1209,0.745
2022-1159-1240,0.605
2022-1159-1411,0.52
2022-1159-1394,0.805
2022-1159-1112,0.06
2022-1159-1437,0.005
2022-1159-1397,0.05
2022-1159-1228,0.055
2022-1159-1222,0.085
2022-1159-1161,0.075
2022-1159-1326,0.11
2022-1159-1371,0.145
2022-1159-1395,0.185
2022-1159-1260,0.11
2022-1159-1276,0.105
2022-1159-1412,0.065
2022-1159-1151,0.365
2022-1159-1255,0.645
2022-1159-1174,0.6
2022-1159-1460,0.635
2022-1159-1136,0.745
2022-1159-1211,0.06
2022-1159-1181,0.015
2022-1159-1403,0.095
2022-1159-1116,0.04
2022-1159-1163,0.14
2022-1159-1104,0.125
2022-1159-1277,0.105
2022-1159-1129,0.11
2022-1159-1272,0.18
2022-1159-1172,0.1
2022-1159-1353,0.175
2022-1159-1323,0.175
2022-1159-1308,0.225
2022-1159-1436,0.3
2022-1159-1286,0.58
2022-1159-1168,0.68
2022-1159-1209,0.6
2022-1240-1411,0.51
2022-1240-1394,0.91
2022-1240-1112,0.01
2022-1240-1437,0.01
2022-1240-1397,0.015
2022-1240-1228,0.02
2022-1240-1222,0.03
2022-1240-1161,0.14
2022-1240-1326,0.06
2022-1240-1371,0.065
2022-1240-1395,0.155
2022-1240-1260,0.045
2022-1240-1276,0.06
2022-1240-1412,0.115
2022-1240-1151,0.26
2022-1240-1255,0.69
2022-1240-1174,0.54
2022-1240-1460,0.56
2022-1240-1136,0.82
2022-1240-1211,0.04
2022-1240-1181,0.025
2022-1240-1403,0.075
2022-1240-1116,0.005
2022-1240-1163,0.025
2022-1240-1104,0.07
2022-1240-1277,0.12
2022-1240-1129,0.045
2022-1240-1272,0.135
2022-1240-1172,0.185
2022-1240-1353,0.105
2022-1240-1323,0.165
2022-1240-1308,0.215
2022-1240-1436,0.235
2022-1240-1286,0.57
2022-1240-1168,0.495
2022-1240-1209,0.71
2022-1411-1394,0.65
2022-1411-1112,0.01
2022-1411-1437,0.05
2022-1411-1397,0.02
2022-1411-1228,0.05
2022-1411-1222,0.02
2022-1411-1161,0.175
2022-1411-1326,0.065
2022-1411-1371,0.055
2022-1411-1395,0.02
2022-1411-1260,0.09
2022-1411-1276,0.055
2022-1411-1412,0.055
2022-1411-1151,0.225
2022-1411-1255,0.52
2022-1411-1174,0.525
2022-1411-1460,0.525
2022-1411-1136,0.54
2022-1411-1211,0.035
2022-1411-1181,0.035
2022-1411-1403,0.06
2022-1411-1116,0.025
2022-1411-1163,0.02
2022-1411-1104,0.03
2022-1411-1277,0.03
2022-1411-1129,0.05
2022-1411-1272,0.04
2022-1411-1172,0.14
2022-1411-1353,0.105
2022-1411-1323,0.22
2022-1411-1308,0.075
2022-1411-1436,0.18
2022-1411-1286,0.485
2022-1411-1168,0.555
2022-1411-1209,0.475
2022-1394-1112,0.015
2022-1394-1437,0.045
2022-1394-1397,0.03
2022-1394-1228,0.03
2022-1394-1222,0.035
2022-1394-1161,0.09
2022-1394-1326,0.02
2022-1394-1371,0.03
2022-1394-1395,0.04
2022-1394-1260,0.085
2022-1394-1276,0.025
2022-1394-1412,0.025
2022-1394-1151,0.085
2022-1394-1255,0.18
2022-1394-1174,0.335
2022-1394-1460,0.38
2022-1394-1136,0.52
2022-1394-1211,0.04
2022-1394-1181,0.025
2022-1394-1403,0.045
2022-1394-1116,0.01
2022-1394-1163,0.02
2022-1394-1104,0.035
2022-1394-1277,0.04
2022-1394-1129,0.08
2022-1394-1272,0.07
2022-1394-1172,0.085
2022-1394-1353,0.035
2022-1394-1323,0.1
2022-1394-1308,0.15
2022-1394-1436,0.13
2022-1394-1286,0.285
2022-1394-1168,0.285
2022-1394-1209,0.39
2022-1112-1437,0.865
2022-1112-1397,0.705
2022-1112-1228,0.89
2022-1112-1222,0.54
2022-1112-1161,0.65
2022-1112-1326,0.85
2022-1112-1371,0.785
2022-1112-1395,0.83
2022-1112-1260,0.795
2022-1112-1276,0.95
2022-1112-1412,0.89
2022-1112-1151,0.925
2022-1112-1255,0.965
2022-1112-1174,0.98
2022-1112-1460,0.975
2022-1112-1136,0.945
2022-1112-1211,0.54
2022-1112-1181,0.76
2022-1112-1403,0.895
2022-1112-1116,0.915
2022-1112-1163,0.67
2022-1112-1104,0.85
2022-1112-1277,0.885
2022-1112-1129,0.945
2022-1112-1272,0.835
2022-1112-1172,0.875
2022-1112-1353,0.925
2022-1112-1323,0.785
2022-1112-1308,0.955
2022-1112-1436,0.925
2022-1112-1286,0.97
2022-1112-1168,0.98
2022-1112-1209,0.92
2022-1437-1397,0.5
2022-1437-1228,0.625
2022-1437-1222,0.34
2022-1437-1161,0.82
2022-1437-1326,0.685
2022-1437-1371,0.555
2022-1437-1395,0.655
2022-1437-1260,0.79
2022-1437-1276,0.695
2022-1437-1412,0.65
2022-1437-1151,0.895
2022-1437-1255,0.885
2022-1437-1174,0.93
2022-1437-1460,0.885
2022-1437-1136,0.89
2022-1437-1211,0.195
2022-1437-1181,0.55
2022-1437-1403,0.415
2022-1437-1116,0.505
2022-1437-1163,0.505
2022-1437-1104,0.525
2022-1437-1277,0.65
2022-1437-1129,0.75
2022-1437-1272,0.555
2022-1437-1172,0.75
2022-1437-1353,0.74
2022-1437-1323,0.81
2022-1437-1308,0.745
2022-1437-1436,0.85
2022-1437-1286,0.8
2022-1437-1168,0.945
2022-1437-1209,0.845
2022-1397-1228,0.69
2022-1397-1222,0.5
2022-1397-1161,0.73
2022-1397-1326,0.785
2022-1397-1371,0.61
2022-1397-1395,0.855
2022-1397-1260,0.84
2022-1397-1276,0.875
2022-1397-1412,0.915
2022-1397-1151,0.96
2022-1397-1255,0.96
2022-1397-1174,0.995
2022-1397-1460,0.965
2022-1397-1136,0.95
2022-1397-1211,0.275
2022-1397-1181,0.69
2022-1397-1403,0.73
2022-1397-1116,0.82
2022-1397-1163,0.575
2022-1397-1104,0.795
2022-1397-1277,0.695
2022-1397-1129,0.955
2022-1397-1272,0.73
2022-1397-1172,0.765
2022-1397-1353,0.835
2022-1397-1323,0.795
2022-1397-1308,0.91
2022-1397-1436,0.85
2022-1397-1286,0.945
2022-1397-1168,0.97
2022-1397-1209,0.925
2022-1228-1222,0.225
2022-1228-1161,0.735
2022-1228-1326,0.57
2022-1228-1371,0.595
2022-1228-1395,0.72
2022-1228-1260,0.7
2022-1228-1276,0.75
2022-1228-1412,0.775
2022-1228-1151,0.775
2022-1228-1255,0.905
2022-1228-1174,0.945
2022-1228-1460,0.94
2022-1228-1136,0.955
2022-1228-1211,0.16
2022-1228-1181,0.52
2022-1228-1403,0.315
2022-1228-1116,0.485
2022-1228-1163,0.585
2022-1228-1104,0.635
2022-1228-1277,0.6
2022-1228-1129,0.85
2022-1228-1272,0.53
2022-1228-1172,0.675
2022-1228-1353,0.82
2022-1228-1323,0.68
2022-1228-1308,0.825
2022-1228-1436,0.73
2022-1228-1286,0.9
2022-1228-1168,0.95
2022-1228-1209,0.87
2022-1222-1161,0.715
2022-1222-1326,0.86
2022-1222-1371,0.94
2022-1222-1395,0.91
2022-1222-1260,0.76
2022-1222-1276,0.865
2022-1222-1412,0.945
2022-1222-1151,0.975
2022-1222-1255,0.985
2022-1222-1174,0.98
2022-1222-1460,0.995
2022-1222-1136,0.99
2022-1222-1211,0.535
2022-1222-1181,0.765
2022-1222-1403,0.705
2022-1222-1116,0.85
2022-1222-1163,0.655
2022-1222-1104,0.9
2022-1222-1277,0.965
2022-1222-1129,0.96
2022-1222-1272,0.885
2022-1222-1172,0.745
2022-1222-1353,0.965
2022-1222-1323,0.745
2022-1222-1308,0.945
2022-1222-1436,0.775
2022-1222-1286,0.99
2022-1222-1168,0.96
2022-1222-1209,0.975
2022-1161-1326,0.385
2022-1161-1371,0.51
2022-1161-1395,0.455
2022-1161-1260,0.53
2022-1161-1276,0.575
2022-1161-1412,0.48
2022-1161-1151,0.79
2022-1161-1255,0.815
2022-1161-1174,0.875
2022-1161-1460,0.83
2022-1161-1136,0.905
2022-1161-1211,0.095
2022-1161-1181,0.235
2022-1161-1403,0.28
2022-1161-1116,0.36
2022-1161-1163,0.425
2022-1161-1104,0.37
2022-1161-1277,0.43
2022-1161-1129,0.55
2022-1161-1272,0.4
2022-1161-1172,0.72
2022-1161-1353,0.405
2022-1161-1323,0.73
2022-1161-1308,0.63
2022-1161-1436,0.835
2022-1161-1286,0.88
2022-1161-1168,0.9
2022-1161-1209,0.695
2022-1326-1371,0.48
2022-1326-1395,0.655
2022-1326-1260,0.64
2022-1326-1276,0.725
2022-1326-1412,0.83
2022-1326-1151,0.91
2022-1326-1255,0.97
2022-1326-1174,0.965
2022-1326-1460,0.96
2022-1326-1136,0.93
2022-1326-1211,0.155
2022-1326-1181,0.27
2022-1326-1403,0.25
2022-1326-1116,0.34
2022-1326-1163,0.52
2022-1326-1104,0.445
2022-1326-1277,0.535
2022-1326-1129,0.67
2022-1326-1272,0.5
2022-1326-1172,0.755
2022-1326-1353,0.87
2022-1326-1323,0.71
2022-1326-1308,0.805
2022-1326-1436,0.86
2022-1326-1286,0.92
2022-1326-1168,0.985
2022-1326-1209,0.915
2022-1371-1395,0.705
2022-1371-1260,0.7
2022-1371-1276,0.68
2022-1371-1412,0.78
2022-1371-1151,0.875
2022-1371-1255,0.955
2022-1371-1174,0.98
2022-1371-1460,0.99
2022-1371-1136,0.965
2022-1371-1211,0.13
2022-1371-1181,0.35
2022-1371-1403,0.305
2022-1371-1116,0.54
2022-1371-1163,0.385
2022-1371-1104,0.52
2022-1371-1277,0.585
2022-1371-1129,0.705
2022-1371-1272,0.45
2022-1371-1172,0.63
2022-1371-1353,0.84
2022-1371-1323,0.635
2022-1371-1308,0.875
2022-1371-1436,0.66
2022-1371-1286,0.97
2022-1371-1168,0.925
2022-1371-1209,0.85
2022-1395-1260,0.51
2022-1395-1276,0.455
2022-1395-1412,0.4
2022-1395-1151,0.81
2022-1395-1255,0.905
2022-1395-1174,0.755
2022-1395-1460,0.935
2022-1395-1136,0.895
2022-1395-1211,0.105
2022-1395-1181,0.3
2022-1395-1403,0.13
2022-1395-1116,0.48
2022-1395-1163,0.32
2022-1395-1104,0.46
2022-1395-1277,0.59
2022-1395-1129,0.52
2022-1395-1272,0.455
2022-1395-1172,0.515
2022-1395-1353,0.63
2022-1395-1323,0.51
2022-1395-1308,0.8
2022-1395-1436,0.57
2022-1395-1286,0.725
2022-1395-1168,0.895
2022-1395-1209,0.78
2022-1260-1276,0.52
2022-1260-1412,0.63
2022-1260-1151,0.795
2022-1260-1255,0.8
2022-1260-1174,0.865
2022-1260-1460,0.89
2022-1260-1136,0.87
2022-1260-1211,0.11
2022-1260-1181,0.35
2022-1260-1403,0.35
2022-1260-1116,0.405
2022-1260-1163,0.38
2022-1260-1104,0.44
2022-1260-1277,0.47
2022-1260-1129,0.485
2022-1260-1272,0.48
2022-1260-1172,0.615
2022-1260-1353,0.735
2022-1260-1323,0.705
2022-1260-1308,0.685
2022-1260-1436,0.8
2022-1260-1286,0.76
2022-1260-1168,0.85
2022-1260-1209,0.815
2022-1276-1412,0.75
2022-1276-1151,0.835
2022-1276-1255,0.925
2022-1276-1174,0.945
2022-1276-1460,0.95
2022-1276-1136,0.915
2022-1276-1211,0.085
2022-1276-1181,0.215
2022-1276-1403,0.16
2022-1276-1116,0.38
2022-1276-1163,0.31
2022-1276-1104,0.485
2022-1276-1277,0.55
2022-1276-1129,0.555
2022-1276-1272,0.46
2022-1276-1172,0.62
2022-1276-1353,0.72
2022-1276-1323,0.69
2022-1276-1308,0.84
2022-1276-1436,0.76
2022-1276-1286,0.9
2022-1276-1168,0.975
2022-1276-1209,0.85
2022-1412-1151,0.87
2022-1412-1255,0.97
2022-1412-1174,0.925
2022-1412-1460,0.985
2022-1412-1136,0.94
2022-1412-1211,0.105
2022-1412-1181,0.075
2022-1412-1403,0.185
2022-1412-1116,0.38
2022-1412-1163,0.44
2022-1412-1104,0.375
2022-1412-1277,0.45
2022-1412-1129,0.53
2022-1412-1272,0.42
2022-1412-1172,0.535
2022-1412-1353,0.62
2022-1412-1323,0.605
2022-1412-1308,0.745
2022-1412-1436,0.565
2022-1412-1286,0.9
2022-1412-1168,0.95
2022-1412-1209,0.88
2022-1151-1255,0.655
2022-1151-1174,0.76
2022-1151-1460,0.825
2022-1151-1136,0.75
2022-1151-1211,0.02
2022-1151-1181,0.1
2022-1151-1403,0.095
2022-1151-1116,0.105
2022-1151-1163,0.17
2022-1151-1104,0.185
2022-1151-1277,0.32
2022-1151-1129,0.38
2022-1151-1272,0.345
2022-1151-1172,0.515
2022-1151-1353,0.5
2022-1151-1323,0.44
2022-1151-1308,0.43
2022-1151-1436,0.555
2022-1151-1286,0.865
2022-1151-1168,0.59
2022-1151-1209,0.665
2022-1255-1174,0.675
2022-1255-1460,0.63
2022-1255-1136,0.74
2022-1255-1211,0.05
2022-1255-1181,0.015
2022-1255-1403,0.045
2022-1255-1116,0.04
2022-1255-1163,0.07
2022-1255-1104,0.07
2022-1255-1277,0.14
2022-1255-1129,0.07
2022-1255-1272,0.14
2022-1255-1172,0.235
2022-1255-1353,0.135
2022-1255-1323,0.245
2022-1255-1308,0.24
2022-1255-1436,0.275
2022-1255-1286,0.625
2022-1255-1168,0.54
2022-1255-1209,0.605
2022-1174-1460,0.745
2022-1174-1136,0.75
2022-1174-1211,0.025
2022-1174-1181,0.02
2022-1174-1403,0.095
2022-1174-1116,0.025
2022-1174-1163,0.065
2022-1174-1104,0.115
2022-1174-1277,0.09
2022-1174-1129,0.065
2022-1174-1272,0.175
2022-1174-1172,0.15
2022-1174-1353,0.05
2022-1174-1323,0.185
2022-1174-1308,0.225
2022-1174-1436,0.285
2022-1174-1286,0.505
2022-1174-1168,0.585
2022-1174-1209,0.54
2022-1460-1136,0.645
2022-1460-1211,0.065
2022-1460-1181,0.05
2022-1460-1403,0.065
2022-1460-1116,0.035
2022-1460-1163,0.04
2022-1460-1104,0.045
2022-1460-1277,0.055
2022-1460-1129,0.065
2022-1460-1272,0.14
2022-1460-1172,0.195
2022-1460-1353,0.14
2022-1460-1323,0.075
2022-1460-1308,0.165
2022-1460-1436,0.21
2022-1460-1286,0.485
2022-1460-1168,0.525
2022-1460-1209,0.435
2022-1136-1211,0.03
2022-1136-1181,0.02
2022-1136-1403,0.07
2022-1136-1116,0.03
2022-1136-1163,0.005
2022-1136-1104,0.055
2022-1136-1277,0.05
2022-1136-1129,0.025
2022-1136-1272,0.055
2022-1136-1172,0.075
2022-1136-1353,0.085
2022-1136-1323,0.16
2022-1136-1308,0.095
2022-1136-1436,0.18
2022-1136-1286,0.405
2022-1136-1168,0.47
2022-1136-1209,0.435
2022-1211-1181,0.83
2022-1211-1403,0.845
2022-1211-1116,0.74
2022-1211-1163,0.755
2022-1211-1104,0.805
2022-1211-1277,0.715
2022-1211-1129,0.88
2022-1211-1272,0.86
2022-1211-1172,0.97
2022-1211-1353,0.82
2022-1211-1323,0.955
2022-1211-1308,0.915
2022-1211-1436,0.98
2022-1211-1286,0.935
2022-1211-1168,0.955
2022-1211-1209,0.895
2022-1181-1403,0.58
2022-1181-1116,0.825
2022-1181-1163,0.43
2022-1181-1104,0.71
2022-1181-1277,0.735
2022-1181-1129,0.91
2022-1181-1272,0.575
2022-1181-1172,0.825
2022-1181-1353,0.695
2022-1181-1323,0.875
2022-1181-1308,0.895
2022-1181-1436,0.945
2022-1181-1286,0.91
2022-1181-1168,0.975
2022-1181-1209,0.93
2022-1403-1116,0.655
2022-1403-1163,0.57
2022-1403-1104,0.695
2022-1403-1277,0.71
2022-1403-1129,0.865
2022-1403-1272,0.695
2022-1403-1172,0.72
2022-1403-1353,0.735
2022-1403-1323,0.775
2022-1403-1308,0.825
2022-1403-1436,0.855
2022-1403-1286,0.905
2022-1403-1168,0.97
2022-1403-1209,0.89
2022-1116-1163,0.445
2022-1116-1104,0.575
2022-1116-1277,0.6
2022-1116-1129,0.89
2022-1116-1272,0.56
2022-1116-1172,0.765
2022-1116-1353,0.84
2022-1116-1323,0.73
2022-1116-1308,0.855
2022-1116-1436,0.885
2022-1116-1286,0.955
2022-1116-1168,0.98
2022-1116-1209,0.92
2022-1163-1104,0.795
2022-1163-1277,0.71
2022-1163-1129,0.785
2022-1163-1272,0.73
2022-1163-1172,0.71
2022-1163-1353,0.8
2022-1163-1323,0.63
2022-1163-1308,0.89
2022-1163-1436,0.75
2022-1163-1286,0.945
2022-1163-1168,0.98
2022-1163-1209,0.965
2022-1104-1277,0.615
2022-1104-1129,0.705
2022-1104-1272,0.45
2022-1104-1172,0.705
2022-1104-1353,0.715
2022-1104-1323,0.65
2022-1104-1308,0.89
2022-1104-1436,0.71
2022-1104-1286,0.92
2022-1104-1168,0.99
2022-1104-1209,0.9
2022-1277-1129,0.595
2022-1277-1272,0.42
2022-1277-1172,0.59
2022-1277-1353,0.71
2022-1277-1323,0.73
2022-1277-1308,0.89
2022-1277-1436,0.755
2022-1277-1286,0.88
2022-1277-1168,0.935
2022-1277-1209,0.845
2022-1129-1272,0.375
2022-1129-1172,0.475
2022-1129-1353,0.69
2022-1129-1323,0.735
2022-1129-1308,0.73
2022-1129-1436,0.79
2022-1129-1286,0.87
2022-1129-1168,0.965
2022-1129-1209,0.785
2022-1272-1172,0.5
2022-1272-1353,0.69
2022-1272-1323,0.53
2022-1272-1308,0.91
2022-1272-1436,0.575
2022-1272-1286,0.865
2022-1272-1168,0.85
2022-1272-1209,0.89
2022-1172-1353,0.56
2022-1172-1323,0.635
2022-1172-1308,0.59
2022-1172-1436,0.815
2022-1172-1286,0.69
2022-1172-1168,0.87
2022-1172-1209,0.79
2022-1353-1323,0.565
2022-1353-1308,0.66
2022-1353-1436,0.685
2022-1353-1286,0.88
2022-1353-1168,0.925
2022-1353-1209,0.775
2022-1323-1308,0.69
2022-1323-1436,0.6
2022-1323-1286,0.72
2022-1323-1168,0.775
2022-1323-1209,0.625
2022-1308-1436,0.545
2022-1308-1286,0.765
2022-1308-1168,0.73
2022-1308-1209,0.715
2022-1436-1286,0.815
2022-1436-1168,0.815
2022-1436-1209,0.765
2022-1286-1168,0.67
2022-1286-1209,0.715
2022-1168-1209,0.635